{
  "segment_count": 245863,
  "unique_route_ids": 206994,
  "current_aadt_official_segments": 45938,
  "current_aadt_segments": 245778,
  "current_aadt_miles": 133830.6393172837,
  "future_aadt_2044_segments": 53215,
  "future_aadt_2044_miles": 51870.17230655902
}